SET NAMES utf8;
SET time_zone = '+00:00';
SET foreign_key_checks = 0;
SET sql_mode = 'NO_AUTO_VALUE_ON_ZERO';

DROP TABLE IF EXISTS `fights_log`;
DROP TABLE IF EXISTS `fights`;
DROP TABLE IF EXISTS `characters`;
DROP TABLE IF EXISTS `monsters`;
DROP TABLE IF EXISTS `users`;


CREATE TABLE `characters` (
  `id` int(11) NOT NULL AUTO_INCREMENT,
  `type` varchar(1) NOT NULL,
  `lastname` varchar(255) NOT NULL,
  `firstname` varchar(255) NOT NULL,
  `weight` int(11) NOT NULL,
  `size` int(11) NOT NULL,
  `hp` int(11) NOT NULL,
  `attack` int(11) NOT NULL,
  `def` int(11) NOT NULL,
  `agility` int(11) NOT NULL,
  `picture` varchar(255) DEFAULT NULL,
  `created_at` datetime DEFAULT NULL,
  `updated_at` datetime DEFAULT NULL,
  `deleted_at` datetime DEFAULT NULL,
  PRIMARY KEY (`id`)
) ENGINE=InnoDB DEFAULT CHARSET=utf8;

CREATE TABLE `monsters` (
  `id` int(11) NOT NULL AUTO_INCREMENT,
  `type` varchar(1) NOT NULL,
  `name` varchar(255) NOT NULL,
  `weight` int(11) NOT NULL,
  `size` int(11) NOT NULL,
  `hp` int(11) NOT NULL,
  `attack` int(11) NOT NULL,
  `def` int(11) NOT NULL,
  `agility` int(11) NOT NULL,
  `picture` varchar(255) DEFAULT NULL,
  `created_at` datetime DEFAULT NULL,
  `updated_at` datetime DEFAULT NULL,
  `deleted_at` datetime DEFAULT NULL,
  PRIMARY KEY (`id`)
) ENGINE=InnoDB DEFAULT CHARSET=utf8;

CREATE TABLE `fights` (
  `id` int(11) NOT NULL AUTO_INCREMENT,
  `id_characters` int(11) NOT NULL,
  `id_characters2` int(11),
  `id_characters3` int(11),
  `id_monsters` int(11) NOT NULL,
  `id_monsters2` int(11),
  `id_monsters3` int(11),
  `winner` varchar(1) NOT NULL,
  `created_at` datetime DEFAULT NULL,
  `updated_at` datetime DEFAULT NULL,
  `deleted_at` datetime DEFAULT NULL,
  PRIMARY KEY (`id`),
  KEY `id_monsters` (`id_monsters`),
  KEY `id_characters` (`id_characters`),
  CONSTRAINT `fights_ibfk_1` FOREIGN KEY (`id_monsters`) REFERENCES `monsters` (`id`),
  CONSTRAINT `fights_ibfk_2` FOREIGN KEY (`id_characters`) REFERENCES `characters` (`id`)
) ENGINE=InnoDB DEFAULT CHARSET=utf8;


CREATE TABLE `fights_log` (
  `id` int(11) NOT NULL AUTO_INCREMENT,
  `id_fights` int(11) NOT NULL,
  `id_fighter` int(11) NOT NULL,
  `fighter_type` varchar(1) NOT NULL,
  `round` int(11) NOT NULL,
  `hp` int(11) NOT NULL,
  `damage` int(11) DEFAULT NULL,
  `created_at` datetime DEFAULT NULL,
  `updated_at` datetime DEFAULT NULL,
  `deleted_at` datetime DEFAULT NULL,
  PRIMARY KEY (`id`),
  KEY `id_fights` (`id_fights`),
  KEY `id_fighter` (`id_fighter`),
  CONSTRAINT `fights_log_ibfk_1` FOREIGN KEY (`id_fights`) REFERENCES `fights` (`id`)
) ENGINE=InnoDB DEFAULT CHARSET=utf8;


SET NAMES utf8mb4;

CREATE TABLE `users` (
  `id` int(11) NOT NULL AUTO_INCREMENT,
  `username` varchar(30) NOT NULL,
  `password` text CHARACTER SET utf8 NOT NULL,
  `created_at` datetime NOT NULL,
  `updated_at` datetime NOT NULL,
  `deleted_at` datetime NOT NULL,
  PRIMARY KEY (`id`)
) ENGINE=InnoDB DEFAULT CHARSET=utf8mb4;

INSERT INTO `users` (`id`, `username`, `password`, `created_at`, `updated_at`, `deleted_at`) VALUES
(1,	'admin',	'$2y$10$4jtZb7UT.tNhwHFRVRG9fu.Guf5zZwajJH0M9Kp2uYinE/Wnmy2t6',	'0000-00-00 00:00:00',	'0000-00-00 00:00:00',	'0000-00-00 00:00:00');

INSERT INTO `characters` (`id`, `type`, `lastname`, `firstname`, `weight`, `size`, `hp`, `attack`, `def`, `agility`, `picture`, `created_at`, `updated_at`, `deleted_at`) VALUES
(1, 'c', 'Chan', 'Jackie', 95, 187, 348, 68, 79, 89, 'JackieChan.jpg', '2019-11-03 21:38:47', '2019-11-03 21:38:47', NULL),
(2, 'c', '10', 'Ben', 58, 162, 247, 61, 54, 68, 'Ben10.webp', '2019-11-03 21:40:01', '2019-11-03 21:40:01', NULL),
(3, 'c', 'Lee', 'Bruce', 110, 181, 349, 81, 74, 97, 'BruceLee.jpg', '2019-11-03 21:42:59', '2019-11-03 21:42:59', NULL),
(4, 'c', 'Li', 'Chun', 78, 174, 327, 59, 54, 84, 'ChunLi.jpg', '2019-11-03 21:45:45', '2019-11-03 21:45:45', NULL),
(5, 'c', 'Masters', 'Ken', 112, 179, 367, 71, 67, 61, 'KenMasters.webp', '2019-11-03 21:47:12', '2019-11-03 21:47:12', NULL),
(6, 'c', 'Street', 'Dhalsim', 79, 186, 315, 78, 52, 87, 'DhalsimStreet.png', '2019-11-03 21:49:57', '2019-11-03 21:49:57', NULL),
(7, 'c', 'Street', 'Ryu', 124, 179, 378, 79, 70, 56, 'RyuStreet.png', '2019-11-03 21:51:15', '2019-11-03 21:51:15', NULL),
(8, 'c', 'Hiha', 'Luigi', 48, 124, 274, 48, 41, 59, 'LuigiHiha.jfif', '2019-11-03 21:54:05', '2019-11-03 21:54:05', NULL),
(9, 'c', 'Cena', 'John', 112, 187, 368, 89, 82, 68, 'JohnCena.webp', '2019-11-03 21:56:53', '2019-11-03 21:56:53', NULL),
(10, 'c', 'Show', 'Big', 174, 214, 391, 87, 91, 42, 'BigShow.jpg', '2019-11-03 21:58:59', '2019-11-03 21:58:59', NULL);

INSERT INTO `monsters` (`id`, `type`, `name`, `weight`, `size`, `hp`, `attack`, `def`, `agility`, `picture`, `created_at`, `updated_at`, `deleted_at`) VALUES
(1, 'm', 'Mega Dracaufeu', 185, 238, 384, 79, 84, 61, 'Mega Dracaufeu.png', '2019-11-03 22:01:35', '2019-11-03 22:01:35', NULL),
(2, 'm', 'Florizarre', 89, 110, 321, 74, 69, 34, 'Florizarre.png', '2019-11-03 22:04:13', '2019-11-03 22:04:13', NULL),
(3, 'm', 'Pikachu', 57, 84, 328, 86, 87, 70, 'Pikachu.webp', '2019-11-03 22:06:32', '2019-11-03 22:06:32', NULL),
(4, 'm', 'Rzowski', 78, 114, 301, 48, 57, 49, 'Rzowski.jpg', '2019-11-03 22:07:34', '2019-11-03 22:07:34', NULL),
(5, 'm', 'Leon', 74, 124, 315, 79, 64, 89, 'Leon.JPG', '2019-11-03 22:08:18', '2019-11-03 22:08:18', NULL),
(6, 'm', 'King Kong', 987, 999, 400, 94, 87, 27, 'King Kong.jpg', '2019-11-03 22:11:07', '2019-11-03 22:11:07', NULL),
(7, 'm', 'Sulli', 148, 197, 357, 76, 68, 45, 'Sulli.JPG', '2019-11-03 22:12:42', '2019-11-03 22:12:42', NULL),
(8, 'm', 'Karaku', 145, 248, 368, 74, 68, 68, 'Karaku.jpg', '2019-11-03 22:14:33', '2019-11-03 22:14:33', NULL);

INSERT INTO `fights` (`id`, `id_characters`, `id_monsters`, `winner`, `created_at`, `updated_at`, `deleted_at`) VALUES
(1, 9, 2, 'c', '2019-11-03 22:46:13', '2019-11-03 22:46:18', NULL),
(2, 1, 2, 'c', '2019-11-03 22:46:24', '2019-11-03 22:46:30', NULL),
(3, 10, 7, 'c', '2019-11-03 22:46:36', '2019-11-03 22:46:42', NULL),
(4, 5, 8, 'c', '2019-11-03 22:46:49', '2019-11-03 22:46:56', NULL),
(5, 7, 7, 'm', '2019-11-03 22:47:03', '2019-11-03 22:47:12', NULL),
(6, 5, 6, 'm', '2019-11-03 22:47:17', '2019-11-03 22:47:20', NULL),
(7, 1, 1, 'm', '2019-11-03 22:47:26', '2019-11-03 22:47:48', NULL),
(8, 8, 3, 'm', '2019-11-03 22:47:53', '2019-11-03 22:47:59', NULL),
(9, 2, 5, 'm', '2019-11-03 22:48:03', '2019-11-03 22:48:10', NULL),
(10, 5, 4, 'c', '2019-11-03 22:48:17', '2019-11-03 22:48:25', NULL),
(11, 10, 2, 'c', '2019-11-03 22:48:30', '2019-11-03 22:48:36', NULL),
(12, 9, 5, 'c', '2019-11-03 22:48:43', '2019-11-03 22:48:51', NULL),
(13, 1, 6, 'm', '2019-11-03 22:48:59', '2019-11-03 22:49:04', NULL);

INSERT INTO `fights_log` (`id`, `id_fights`, `id_fighter`, `fighter_type`, `round`, `hp`, `damage`, `created_at`, `updated_at`, `deleted_at`) VALUES
(1, 1, 9, 'c', 0, 368, 0, '2019-11-03 22:46:13', '2019-11-03 22:46:13', NULL),
(2, 1, 2, 'm', 0, 321, 0, '2019-11-03 22:46:13', '2019-11-03 22:46:13', NULL),
(3, 1, 9, 'c', 1, 298, 70, '2019-11-03 22:46:17', '2019-11-03 22:46:17', NULL),
(4, 1, 2, 'm', 1, 114, 207, '2019-11-03 22:46:17', '2019-11-03 22:46:17', NULL),
(5, 1, 9, 'c', 2, 237, 61, '2019-11-03 22:46:18', '2019-11-03 22:46:18', NULL),
(6, 1, 2, 'm', 2, 0, 205, '2019-11-03 22:46:18', '2019-11-03 22:46:18', NULL),
(7, 2, 1, 'c', 0, 348, 0, '2019-11-03 22:46:24', '2019-11-03 22:46:24', NULL),
(8, 2, 2, 'm', 0, 321, 0, '2019-11-03 22:46:24', '2019-11-03 22:46:24', NULL),
(9, 2, 1, 'c', 1, 285, 63, '2019-11-03 22:46:27', '2019-11-03 22:46:27', NULL),
(10, 2, 2, 'm', 1, 204, 117, '2019-11-03 22:46:27', '2019-11-03 22:46:27', NULL),
(11, 2, 1, 'c', 2, 199, 86, '2019-11-03 22:46:28', '2019-11-03 22:46:28', NULL),
(12, 2, 2, 'm', 2, 71, 133, '2019-11-03 22:46:28', '2019-11-03 22:46:28', NULL),
(13, 2, 1, 'c', 3, 121, 78, '2019-11-03 22:46:30', '2019-11-03 22:46:30', NULL),
(14, 2, 2, 'm', 3, 0, 147, '2019-11-03 22:46:30', '2019-11-03 22:46:30', NULL),
(15, 3, 7, 'm', 0, 357, 0, '2019-11-03 22:46:36', '2019-11-03 22:46:36', NULL),
(16, 3, 10, 'c', 0, 391, 0, '2019-11-03 22:46:36', '2019-11-03 22:46:36', NULL),
(17, 3, 7, 'm', 1, 229, 128, '2019-11-03 22:46:39', '2019-11-03 22:46:39', NULL),
(18, 3, 10, 'c', 1, 303, 88, '2019-11-03 22:46:39', '2019-11-03 22:46:39', NULL),
(19, 3, 7, 'm', 2, 130, 99, '2019-11-03 22:46:41', '2019-11-03 22:46:41', NULL),
(20, 3, 10, 'c', 2, 216, 87, '2019-11-03 22:46:41', '2019-11-03 22:46:41', NULL),
(21, 3, 7, 'm', 3, 0, 148, '2019-11-03 22:46:42', '2019-11-03 22:46:42', NULL),
(22, 4, 8, 'm', 0, 368, 0, '2019-11-03 22:46:49', '2019-11-03 22:46:49', NULL),
(23, 4, 5, 'c', 0, 367, 0, '2019-11-03 22:46:49', '2019-11-03 22:46:49', NULL),
(24, 4, 8, 'm', 1, 270, 98, '2019-11-03 22:46:51', '2019-11-03 22:46:51', NULL),
(25, 4, 5, 'c', 1, 280, 87, '2019-11-03 22:46:51', '2019-11-03 22:46:51', NULL),
(26, 4, 8, 'm', 2, 174, 96, '2019-11-03 22:46:53', '2019-11-03 22:46:53', NULL),
(27, 4, 5, 'c', 2, 181, 99, '2019-11-03 22:46:53', '2019-11-03 22:46:53', NULL),
(28, 4, 8, 'm', 3, 76, 98, '2019-11-03 22:46:54', '2019-11-03 22:46:54', NULL),
(29, 4, 5, 'c', 3, 80, 101, '2019-11-03 22:46:55', '2019-11-03 22:46:55', NULL),
(30, 4, 8, 'm', 4, 0, 97, '2019-11-03 22:46:56', '2019-11-03 22:46:56', NULL),
(31, 5, 7, 'c', 0, 378, 0, '2019-11-03 22:47:03', '2019-11-03 22:47:03', NULL),
(32, 5, 7, 'm', 0, 357, 0, '2019-11-03 22:47:03', '2019-11-03 22:47:03', NULL),
(33, 5, 7, 'c', 1, 259, 119, '2019-11-03 22:47:05', '2019-11-03 22:47:05', NULL),
(34, 5, 7, 'm', 1, 281, 76, '2019-11-03 22:47:05', '2019-11-03 22:47:05', NULL),
(35, 5, 7, 'c', 2, 166, 93, '2019-11-03 22:47:07', '2019-11-03 22:47:07', NULL),
(36, 5, 7, 'm', 2, 205, 76, '2019-11-03 22:47:08', '2019-11-03 22:47:08', NULL),
(37, 5, 7, 'c', 3, 54, 112, '2019-11-03 22:47:08', '2019-11-03 22:47:08', NULL),
(38, 5, 7, 'm', 3, 104, 101, '2019-11-03 22:47:08', '2019-11-03 22:47:08', NULL),
(39, 5, 7, 'c', 4, 0, 87, '2019-11-03 22:47:12', '2019-11-03 22:47:12', NULL),
(40, 6, 5, 'c', 0, 367, 0, '2019-11-03 22:47:17', '2019-11-03 22:47:17', NULL),
(41, 6, 6, 'm', 0, 400, 0, '2019-11-03 22:47:18', '2019-11-03 22:47:18', NULL),
(42, 6, 5, 'c', 1, 0, 390, '2019-11-03 22:47:20', '2019-11-03 22:47:20', NULL),
(43, 7, 1, 'c', 0, 348, 0, '2019-11-03 22:47:26', '2019-11-03 22:47:26', NULL),
(44, 7, 1, 'm', 0, 384, 0, '2019-11-03 22:47:26', '2019-11-03 22:47:26', NULL),
(45, 7, 1, 'c', 1, 224, 124, '2019-11-03 22:47:29', '2019-11-03 22:47:29', NULL),
(46, 7, 1, 'm', 1, 319, 65, '2019-11-03 22:47:29', '2019-11-03 22:47:29', NULL),
(47, 7, 1, 'c', 2, 138, 86, '2019-11-03 22:47:31', '2019-11-03 22:47:31', NULL),
(48, 7, 1, 'm', 2, 246, 73, '2019-11-03 22:47:31', '2019-11-03 22:47:31', NULL),
(49, 7, 1, 'c', 3, 14, 124, '2019-11-03 22:47:44', '2019-11-03 22:47:44', NULL),
(50, 7, 1, 'm', 3, 169, 77, '2019-11-03 22:47:44', '2019-11-03 22:47:44', NULL),
(51, 7, 1, 'c', 4, 0, 128, '2019-11-03 22:47:48', '2019-11-03 22:47:48', NULL),
(52, 8, 3, 'm', 0, 328, 0, '2019-11-03 22:47:53', '2019-11-03 22:47:53', NULL),
(53, 8, 8, 'c', 0, 274, 0, '2019-11-03 22:47:53', '2019-11-03 22:47:53', NULL),
(54, 8, 3, 'm', 1, 284, 44, '2019-11-03 22:47:56', '2019-11-03 22:47:56', NULL),
(55, 8, 8, 'c', 1, 172, 102, '2019-11-03 22:47:56', '2019-11-03 22:47:56', NULL),
(56, 8, 3, 'm', 2, 234, 50, '2019-11-03 22:47:57', '2019-11-03 22:47:57', NULL),
(57, 8, 8, 'c', 2, 63, 109, '2019-11-03 22:47:57', '2019-11-03 22:47:57', NULL),
(58, 8, 3, 'm', 3, 193, 41, '2019-11-03 22:47:59', '2019-11-03 22:47:59', NULL),
(59, 8, 8, 'c', 3, 0, 81, '2019-11-03 22:47:59', '2019-11-03 22:47:59', NULL),
(60, 9, 5, 'm', 0, 315, 0, '2019-11-03 22:48:03', '2019-11-03 22:48:03', NULL),
(61, 9, 2, 'c', 0, 247, 0, '2019-11-03 22:48:03', '2019-11-03 22:48:03', NULL),
(62, 9, 5, 'm', 1, 244, 71, '2019-11-03 22:48:07', '2019-11-03 22:48:07', NULL),
(63, 9, 2, 'c', 1, 173, 74, '2019-11-03 22:48:07', '2019-11-03 22:48:07', NULL),
(64, 9, 5, 'm', 2, 194, 50, '2019-11-03 22:48:08', '2019-11-03 22:48:08', NULL),
(65, 9, 2, 'c', 2, 75, 98, '2019-11-03 22:48:08', '2019-11-03 22:48:08', NULL),
(66, 9, 5, 'm', 3, 123, 71, '2019-11-03 22:48:09', '2019-11-03 22:48:09', NULL),
(67, 9, 2, 'c', 3, 0, 90, '2019-11-03 22:48:09', '2019-11-03 22:48:09', NULL),
(68, 10, 5, 'c', 0, 367, 0, '2019-11-03 22:48:17', '2019-11-03 22:48:17', NULL),
(69, 10, 4, 'm', 0, 301, 0, '2019-11-03 22:48:17', '2019-11-03 22:48:17', NULL),
(70, 10, 5, 'c', 1, 324, 43, '2019-11-03 22:48:19', '2019-11-03 22:48:19', NULL),
(71, 10, 4, 'm', 1, 223, 78, '2019-11-03 22:48:20', '2019-11-03 22:48:20', NULL),
(72, 10, 5, 'c', 2, 270, 54, '2019-11-03 22:48:21', '2019-11-03 22:48:21', NULL),
(73, 10, 4, 'm', 2, 152, 71, '2019-11-03 22:48:21', '2019-11-03 22:48:21', NULL),
(74, 10, 5, 'c', 3, 210, 60, '2019-11-03 22:48:22', '2019-11-03 22:48:22', NULL),
(75, 10, 4, 'm', 3, 46, 106, '2019-11-03 22:48:22', '2019-11-03 22:48:22', NULL),
(76, 10, 5, 'c', 4, 170, 40, '2019-11-03 22:48:24', '2019-11-03 22:48:24', NULL),
(77, 10, 4, 'm', 4, 0, 106, '2019-11-03 22:48:24', '2019-11-03 22:48:24', NULL),
(78, 11, 10, 'c', 0, 391, 0, '2019-11-03 22:48:30', '2019-11-03 22:48:30', NULL),
(79, 11, 2, 'm', 0, 321, 0, '2019-11-03 22:48:30', '2019-11-03 22:48:30', NULL),
(80, 11, 10, 'c', 1, 328, 63, '2019-11-03 22:48:33', '2019-11-03 22:48:33', NULL),
(81, 11, 2, 'm', 1, 192, 129, '2019-11-03 22:48:33', '2019-11-03 22:48:33', NULL),
(82, 11, 10, 'c', 2, 261, 67, '2019-11-03 22:48:34', '2019-11-03 22:48:34', NULL),
(83, 11, 2, 'm', 2, 72, 120, '2019-11-03 22:48:34', '2019-11-03 22:48:34', NULL),
(84, 11, 10, 'c', 3, 200, 61, '2019-11-03 22:48:35', '2019-11-03 22:48:35', NULL),
(85, 11, 2, 'm', 3, 0, 105, '2019-11-03 22:48:35', '2019-11-03 22:48:35', NULL),
(86, 12, 5, 'm', 0, 315, 0, '2019-11-03 22:48:43', '2019-11-03 22:48:43', NULL),
(87, 12, 9, 'c', 0, 368, 0, '2019-11-03 22:48:43', '2019-11-03 22:48:43', NULL),
(88, 12, 5, 'm', 1, 196, 119, '2019-11-03 22:48:48', '2019-11-03 22:48:48', NULL),
(89, 12, 9, 'c', 1, 302, 66, '2019-11-03 22:48:48', '2019-11-03 22:48:48', NULL),
(90, 12, 5, 'm', 2, 95, 101, '2019-11-03 22:48:49', '2019-11-03 22:48:49', NULL),
(91, 12, 9, 'c', 2, 209, 93, '2019-11-03 22:48:49', '2019-11-03 22:48:49', NULL),
(92, 12, 5, 'm', 3, 7, 88, '2019-11-03 22:48:50', '2019-11-03 22:48:50', NULL),
(93, 12, 9, 'c', 3, 122, 87, '2019-11-03 22:48:50', '2019-11-03 22:48:50', NULL),
(94, 12, 5, 'm', 4, 0, 102, '2019-11-03 22:48:51', '2019-11-03 22:48:51', NULL),
(95, 13, 1, 'c', 0, 348, 0, '2019-11-03 22:48:59', '2019-11-03 22:48:59', NULL),
(96, 13, 6, 'm', 0, 400, 0, '2019-11-03 22:49:00', '2019-11-03 22:49:00', NULL),
(97, 13, 1, 'c', 1, 0, 409, '2019-11-03 22:49:04', '2019-11-03 22:49:04', NULL);
